{"cameraMode":{"drawMode":0,"name":"Shaded","section":"Shading Mode"},"sceneLighting":false,"audioPlay":false,"sceneViewState":{"showFog":true,"showMaterialUpdate":false,"showSkybox":false,"showFlares":true,"showImageEffects":true,"showParticleSystems":true},"in2DMode":false,"pivot":{"x":2.2554097175598146,"y":0.26136454939842226,"z":5.908881187438965},"rotation":{"x":0.050088897347450259,"y":0.8940114378929138,"z":-0.10568108409643173,"w":0.43304646015167239},"size":4.018660068511963,"orthographic":false}