{"cameraMode":{"drawMode":0,"name":"Shaded","section":"Shading Mode"},"sceneLighting":false,"audioPlay":false,"sceneViewState":{"showFog":true,"showMaterialUpdate":false,"showSkybox":false,"showFlares":true,"showImageEffects":true,"showParticleSystems":true},"in2DMode":false,"pivot":{"x":0.0,"y":1.5558058711985838e-15,"z":0.03981734812259674},"rotation":{"x":0.040152180939912799,"y":-0.9089946150779724,"z":0.08666273206472397,"w":0.4063442051410675},"size":0.13840609788894654,"orthographic":false}