{"cameraMode":{"drawMode":0,"name":"Shaded","section":"Shading Mode"},"sceneLighting":false,"audioPlay":false,"sceneViewState":{"showFog":true,"showMaterialUpdate":false,"showSkybox":false,"showFlares":true,"showImageEffects":true,"showParticleSystems":true},"in2DMode":false,"pivot":{"x":-17.65999984741211,"y":1.1200000047683716,"z":-6.179999828338623},"rotation":{"x":0.1795034259557724,"y":-0.09287455677986145,"z":0.01567663997411728,"w":0.9794960618019104},"size":0.8473653793334961,"orthographic":false}